CustomerID,occupation,Income_level,investment_tenure,Recency,Monetary,Frequency,total_investment_value,age,R_Score,F_Score,M_Score,RFM_Score,Segment
4,BUSINESS,5638940,6,2.0,1,5.0,1560626,48.0,4,4,1,441,Loyal Customers
5,JOB,4583509,5,4.0,1,5.0,4628482,30.0,2,4,1,241,Others
6,JOB,6605318,2,1.0,2,1.0,6852319,30.0,4,1,1,411,Loyal Customers
7,JOB,5418096,4,4.0,5,3.0,12140317,48.0,2,2,4,224,High Spenders
8,FREELANCER,5376551,3,5.0,5,5.0,9367762,40.0,1,4,4,144,High Spenders
9,BUSINESS,2456420,5,5.0,4,3.0,3321542,28.0,1,2,3,123,At Risk
11,JOB,3859835,1,5.0,4,4.0,7813160,28.0,1,3,3,133,At Risk
12,RETIRED,4204989,5,2.0,3,5.0,15633760,28.0,4,4,2,442,Loyal Customers
13,FREELANCER,4363869,4,4.0,2,2.0,6426456,35.0,2,1,1,211,Others
17,JOB,2371504,4,4.0,3,2.0,8713961,22.0,2,1,2,212,Others
18,BUSINESS,5817917,3,5.0,3,5.0,9084323,36.0,1,4,2,142,At Risk
19,JOB,2766797,7,2.0,3,1.0,9915680,23.0,4,1,2,412,Loyal Customers
20,JOB,2647353,5,3.0,2,4.0,3511741,18.0,3,3,1,331,Others
21,BUSINESS,7205142,8,4.0,5,1.0,15525833,46.99999999999999,2,1,4,214,High Spenders
23,JOB,2921982,3,1.0,3,5.0,12903205,33.0,4,4,2,442,Loyal Customers
24,JOB,618705,1,1.0,3,4.0,5156121,18.0,4,3,2,432,Loyal Customers
25,JOB,742223,1,2.0,5,4.0,631338,27.0,4,3,4,434,Loyal Customers
26,FREELANCER,1389571,1,1.0,5,3.0,8959922,34.0,4,2,4,424,Loyal Customers
27,JOB,3327245,5,2.0,3,5.0,8491617,21.0,4,4,2,442,Loyal Customers
29,BUSINESS,8637421,1,2.0,2,2.0,5188419,26.0,4,1,1,411,Loyal Customers
31,BUSINESS,1913240,4,5.0,4,2.0,18803268,26.0,1,1,3,113,At Risk
32,JOB,705236,5,1.0,3,5.0,13513151,51.0,4,4,2,442,Loyal Customers
33,JOB,7713195,8,2.0,5,2.0,9206986,32.0,4,1,4,414,Loyal Customers
34,RETIRED,4120375,6,3.0,3,3.0,5098463,22.0,3,2,2,322,Others
35,RETIRED,8599260,4,4.0,5,2.0,10544143,41.0,2,1,4,214,High Spenders
37,JOB,3643682,1,2.0,3,5.0,4849885,35.0,4,4,2,442,Loyal Customers
38,JOB,5721121,3,5.0,1,1.0,2894546,18.0,1,1,1,111,At Risk
39,BUSINESS,3252321,4,1.0,4,1.0,3835615,19.0,4,1,3,413,Loyal Customers
42,JOB,9025776,5,2.0,1,2.0,1535049,34.0,4,1,1,411,Loyal Customers
43,JOB,10727219,4,3.0,2,3.0,15219796,31.0,3,2,1,321,Others
44,RETIRED,1143724,3,5.0,1,1.0,5172643,29.0,1,1,1,111,At Risk
46,BUSINESS,9801921,5,5.0,5,5.0,4659109,25.0,1,4,4,144,High Spenders
49,BUSINESS,813068,4,4.0,2,2.0,7589613,36.0,2,1,1,211,Others
50,JOB,1327092,5,3.0,3,4.0,10064371,18.0,3,3,2,332,Others
55,BUSINESS,2620041,3,4.0,1,4.0,9646244,43.0,2,3,1,231,Others
56,RETIRED,4286197,5,3.0,1,2.0,8010989,42.0,3,1,1,311,Others
57,JOB,8183109,2,1.0,4,4.0,5221184,24.0,4,3,3,433,Loyal Customers
59,JOB,5941684,4,5.0,1,3.0,16015645,36.0,1,2,1,121,At Risk
60,JOB,1657606,4,1.0,4,1.0,2966020,42.0,4,1,3,413,Loyal Customers
61,JOB,2393814,4,1.0,1,5.0,6416230,28.0,4,4,1,441,Loyal Customers
64,JOB,4201914,5,5.0,3,3.0,5440814,21.0,1,2,2,122,At Risk
65,JOB,3199385,5,1.0,1,3.0,12330597,41.0,4,2,1,421,Loyal Customers
66,BUSINESS,4989742,2,4.0,2,1.0,3256237,45.99999999999999,2,1,1,211,Others
67,JOB,3512735,7,2.0,5,2.0,3020309,32.0,4,1,4,414,Loyal Customers
68,FREELANCER,15338267,3,4.0,3,1.0,1856881,43.0,2,1,2,212,Others
74,FREELANCER,8990723,6,5.0,4,4.0,8629570,48.0,1,3,3,133,At Risk
78,JOB,4102124,4,5.0,4,5.0,7927015,30.0,1,4,3,143,At Risk
80,JOB,4787891,5,5.0,1,2.0,7408863,18.0,1,1,1,111,At Risk
83,JOB,9050693,6,2.0,2,1.0,11808180,46.99999999999999,4,1,1,411,Loyal Customers
84,JOB,9004006,1,3.0,3,3.0,11529901,27.0,3,2,2,322,Others
87,FREELANCER,4297409,7,1.0,4,2.0,9682312,42.0,4,1,3,413,Loyal Customers
88,BUSINESS,4403416,7,3.0,5,2.0,4581555,36.0,3,1,4,314,High Spenders
90,JOB,11622045,4,5.0,4,4.0,9597994,38.0,1,3,3,133,At Risk
91,JOB,1705357,2,4.0,2,1.0,5237328,33.0,2,1,1,211,Others
95,FREELANCER,2762384,7,2.0,5,2.0,6341592,29.0,4,1,4,414,Loyal Customers
96,JOB,10750258,7,4.0,2,1.0,6322981,18.0,2,1,1,211,Others
99,JOB,2241478,1,5.0,2,2.0,26051637,33.0,1,1,1,111,At Risk
100,JOB,6879636,3,2.0,1,1.0,2639990,30.0,4,1,1,411,Loyal Customers
101,JOB,11546312,6,2.0,3,4.0,8792619,18.0,4,3,2,432,Loyal Customers
104,BUSINESS,7422032,3,4.0,5,5.0,4072226,24.0,2,4,4,244,High Spenders
105,RETIRED,6611116,4,5.0,2,3.0,3371504,31.0,1,2,1,121,At Risk
106,JOB,9966217,5,1.0,5,4.0,1929026,37.0,4,3,4,434,Loyal Customers
107,JOB,5158205,3,4.0,4,4.0,3966607,51.0,2,3,3,233,Others
108,FREELANCER,1132577,5,1.0,1,4.0,7184164,34.0,4,3,1,431,Loyal Customers
109,JOB,4841801,4,1.0,1,3.0,4010355,35.0,4,2,1,421,Loyal Customers
111,JOB,5905052,6,1.0,3,2.0,8980191,18.0,4,1,2,412,Loyal Customers
114,FREELANCER,8869163,4,3.0,4,4.0,10150143,57.0,3,3,3,333,Others
115,BUSINESS,9363668,4,5.0,4,1.0,8634562,31.0,1,1,3,113,At Risk
116,FREELANCER,6364968,4,3.0,4,4.0,4564148,36.0,3,3,3,333,Others
119,FREELANCER,9311567,6,5.0,1,4.0,2865948,44.0,1,3,1,131,At Risk
122,FREELANCER,982256,4,4.0,3,4.0,10605347,23.0,2,3,2,232,Others
123,JOB,2667057,7,1.0,5,4.0,16352530,46.99999999999999,4,3,4,434,Loyal Customers
124,JOB,7228124,5,5.0,5,5.0,2066208,18.0,1,4,4,144,High Spenders
125,JOB,3237827,4,2.0,1,5.0,10599348,38.0,4,4,1,441,Loyal Customers
129,JOB,4617661,2,2.0,2,5.0,6789022,33.0,4,4,1,441,Loyal Customers
130,BUSINESS,12485522,5,5.0,3,3.0,2959468,27.0,1,2,2,122,At Risk
131,JOB,1291377,8,2.0,4,5.0,14987187,18.0,4,4,3,443,Loyal Customers
133,JOB,3332275,6,3.0,4,4.0,8218675,22.0,3,3,3,333,Others
134,JOB,9201059,6,5.0,3,4.0,2725098,37.0,1,3,2,132,At Risk
135,RETIRED,2567240,1,5.0,4,4.0,3937913,23.0,1,3,3,133,At Risk
136,JOB,3718294,3,1.0,6,4.0,3214046,48.0,4,3,4,434,Loyal Customers
138,FREELANCER,3778470,3,4.0,5,5.0,4770377,29.0,2,4,4,244,High Spenders
139,JOB,686082,4,1.0,2,4.0,4414628,41.0,4,3,1,431,Loyal Customers
140,RETIRED,4134525,4,4.0,6,1.0,6723776,20.0,2,1,4,214,High Spenders
141,RETIRED,8813495,1,2.0,1,4.0,5927262,35.0,4,3,1,431,Loyal Customers
143,JOB,3295394,2,5.0,1,4.0,11890879,18.0,1,3,1,131,At Risk
145,JOB,7434150,9,1.0,3,2.0,10260394,35.0,4,1,2,412,Loyal Customers
148,BUSINESS,4401523,4,1.0,3,2.0,9607634,19.0,4,1,2,412,Loyal Customers
150,JOB,2244384,8,4.0,1,1.0,6053274,35.0,2,1,1,211,Others
158,FREELANCER,6440940,5,1.0,3,3.0,4251649,37.0,4,2,2,422,Loyal Customers
159,JOB,3461583,7,1.0,2,5.0,14371813,21.0,4,4,1,441,Loyal Customers
162,BUSINESS,6944971,4,1.0,3,1.0,1097821,40.0,4,1,2,412,Loyal Customers
163,BUSINESS,5894349,5,3.0,3,5.0,921279,44.0,3,4,2,342,Others
164,BUSINESS,2277372,4,2.0,1,5.0,8768369,24.0,4,4,1,441,Loyal Customers
169,JOB,2146796,7,1.0,2,2.0,11362480,30.0,4,1,1,411,Loyal Customers
170,BUSINESS,3911189,4,2.0,5,1.0,20016158,25.0,4,1,4,414,Loyal Customers
171,BUSINESS,1686489,1,5.0,5,4.0,11320013,24.0,1,3,4,134,High Spenders
172,JOB,3571845,7,5.0,1,5.0,13031285,24.0,1,4,1,141,At Risk
174,JOB,8256421,3,2.0,6,3.0,3652062,36.0,4,2,4,424,Loyal Customers
175,BUSINESS,2430797,3,5.0,5,4.0,1584420,35.0,1,3,4,134,High Spenders
179,RETIRED,6078708,7,1.0,1,1.0,4630575,30.0,4,1,1,411,Loyal Customers
181,JOB,5274877,4,3.0,1,3.0,6966941,39.0,3,2,1,321,Others
182,JOB,7431750,5,3.0,2,1.0,4434516,24.0,3,1,1,311,Others
183,RETIRED,4091319,6,1.0,2,4.0,6108298,22.0,4,3,1,431,Loyal Customers
184,FREELANCER,6689045,6,5.0,1,2.0,1308964,37.0,1,1,1,111,At Risk
185,JOB,2131959,6,3.0,3,4.0,23470115,30.0,3,3,2,332,Others
186,BUSINESS,9729627,5,2.0,1,2.0,16131711,40.0,4,1,1,411,Loyal Customers
188,BUSINESS,11029544,4,4.0,5,1.0,5763598,32.0,2,1,4,214,High Spenders
189,BUSINESS,2542052,4,3.0,3,2.0,612191,24.0,3,1,2,312,Others
195,JOB,686240,4,3.0,3,1.0,10360786,34.0,3,1,2,312,Others
200,FREELANCER,6740040,5,3.0,5,1.0,1444170,21.0,3,1,4,314,High Spenders
202,JOB,3946762,2,2.0,1,3.0,14017004,38.0,4,2,1,421,Loyal Customers
204,FREELANCER,2785857,6,4.0,1,1.0,8881931,43.0,2,1,1,211,Others
207,JOB,8052064,6,1.0,4,2.0,909216,38.0,4,1,3,413,Loyal Customers
208,BUSINESS,7043683,6,4.0,3,5.0,3952646,38.0,2,4,2,242,Others
210,JOB,2519651,5,3.0,1,1.0,5417704,71.0,3,1,1,311,Others
213,BUSINESS,1647739,7,3.0,3,5.0,8699551,42.0,3,4,2,342,Others
218,FREELANCER,6075178,3,2.0,1,5.0,2352997,30.0,4,4,1,441,Loyal Customers
220,FREELANCER,5929896,3,4.0,3,5.0,10668353,33.0,2,4,2,242,Others
221,BUSINESS,9526495,3,2.0,1,3.0,1515121,56.0,4,2,1,421,Loyal Customers
223,JOB,2583411,3,4.0,4,5.0,6629077,39.0,2,4,3,243,Others
225,JOB,5349681,1,1.0,2,1.0,1230093,28.0,4,1,1,411,Loyal Customers
226,JOB,4074310,5,4.0,1,1.0,14692260,43.0,2,1,1,211,Others
227,RETIRED,7887883,5,5.0,5,5.0,10367399,33.0,1,4,4,144,High Spenders
228,JOB,5346252,3,1.0,5,2.0,5627252,22.0,4,1,4,414,Loyal Customers
231,FREELANCER,9575003,1,2.0,1,2.0,13643810,25.0,4,1,1,411,Loyal Customers
232,BUSINESS,3592352,3,2.0,3,2.0,2110883,35.0,4,1,2,412,Loyal Customers
233,BUSINESS,12390546,3,1.0,2,3.0,13198922,33.0,4,2,1,421,Loyal Customers
235,JOB,9303556,6,4.0,1,1.0,17215379,54.0,2,1,1,211,Others
236,FREELANCER,3856704,4,2.0,4,1.0,6767098,39.0,4,1,3,413,Loyal Customers
239,BUSINESS,1296751,6,5.0,3,4.0,9010934,26.0,1,3,2,132,At Risk
240,JOB,4090994,2,3.0,5,3.0,1288520,41.0,3,2,4,324,High Spenders
241,RETIRED,5837261,5,2.0,1,1.0,1865293,25.0,4,1,1,411,Loyal Customers
244,JOB,11730471,2,3.0,6,5.0,4204379,41.0,3,4,4,344,High Spenders
245,JOB,8560203,1,4.0,1,3.0,13449559,20.0,2,2,1,221,Others
247,JOB,2805777,8,5.0,3,4.0,14023734,28.0,1,3,2,132,At Risk
248,RETIRED,3732955,7,4.0,1,5.0,11097916,26.0,2,4,1,241,Others
249,RETIRED,6362262,5,2.0,3,4.0,1795727,50.0,4,3,2,432,Loyal Customers
251,JOB,1464369,6,2.0,4,5.0,5269573,20.0,4,4,3,443,Loyal Customers
253,FREELANCER,5043786,5,4.0,5,4.0,10523288,54.0,2,3,4,234,High Spenders
256,BUSINESS,9991581,10,1.0,2,4.0,3377150,28.0,4,3,1,431,Loyal Customers
259,BUSINESS,3797190,4,2.0,4,2.0,15043575,37.0,4,1,3,413,Loyal Customers
260,JOB,6314338,1,5.0,2,2.0,12428407,40.0,1,1,1,111,At Risk
263,JOB,6552913,3,1.0,6,4.0,2084520,18.0,4,3,4,434,Loyal Customers
264,BUSINESS,2540839,5,4.0,1,2.0,7821630,22.0,2,1,1,211,Others
265,FREELANCER,2122910,3,5.0,3,1.0,5711343,30.0,1,1,2,112,At Risk
266,FREELANCER,7261679,7,5.0,1,3.0,12040926,20.0,1,2,1,121,At Risk
267,BUSINESS,6032279,5,1.0,5,3.0,10100212,49.0,4,2,4,424,Loyal Customers
269,JOB,8852963,4,5.0,3,1.0,7353399,28.0,1,1,2,112,At Risk
272,FREELANCER,4962551,3,4.0,2,4.0,13509305,18.0,2,3,1,231,Others
273,FREELANCER,5557898,3,1.0,5,4.0,4835315,44.0,4,3,4,434,Loyal Customers
274,RETIRED,4414051,4,5.0,4,5.0,7357929,33.0,1,4,3,143,At Risk
277,FREELANCER,2821854,4,5.0,5,3.0,3752783,34.0,1,2,4,124,High Spenders
278,BUSINESS,8419811,6,1.0,2,5.0,7947464,26.0,4,4,1,441,Loyal Customers
280,FREELANCER,1083376,5,4.0,1,4.0,3224156,29.0,2,3,1,231,Others
283,JOB,7507668,5,2.0,4,1.0,2853243,48.0,4,1,3,413,Loyal Customers
285,BUSINESS,1083701,5,4.0,4,1.0,14828717,54.0,2,1,3,213,Others
291,JOB,2134130,6,4.0,4,3.0,14111266,30.0,2,2,3,223,Others
292,JOB,4060789,7,1.0,4,4.0,5141585,28.0,4,3,3,433,Loyal Customers
293,FREELANCER,3361293,5,3.0,1,2.0,7739286,27.0,3,1,1,311,Others
298,JOB,753762,7,5.0,2,4.0,3466692,36.0,1,3,1,131,At Risk
299,BUSINESS,9888619,4,5.0,4,2.0,9153557,41.0,1,1,3,113,At Risk
300,JOB,5543106,4,3.0,2,4.0,17259184,39.0,3,3,1,331,Others
301,JOB,1035831,5,5.0,3,2.0,2949264,24.0,1,1,2,112,At Risk
302,BUSINESS,1134967,6,5.0,2,4.0,5966373,27.0,1,3,1,131,At Risk
303,BUSINESS,1263251,2,5.0,3,3.0,5490565,40.0,1,2,2,122,At Risk
304,BUSINESS,12674540,1,1.0,2,1.0,21868959,39.0,4,1,1,411,Loyal Customers
306,RETIRED,5403248,2,2.0,4,1.0,10628182,34.0,4,1,3,413,Loyal Customers
307,BUSINESS,7380196,3,1.0,4,3.0,4289838,44.99999999999999,4,2,3,423,Loyal Customers
308,JOB,3549737,4,4.0,3,3.0,9561584,27.0,2,2,2,222,Others
310,JOB,1704919,7,3.0,4,5.0,4894946,30.0,3,4,3,343,Others
311,JOB,2334396,5,4.0,3,4.0,8732596,30.0,2,3,2,232,Others
312,JOB,2206646,5,4.0,1,4.0,29616950,43.0,2,3,1,231,Others
313,JOB,4953964,6,4.0,4,4.0,10667657,41.0,2,3,3,233,Others
315,FREELANCER,6722178,7,5.0,5,4.0,1889491,45.99999999999999,1,3,4,134,High Spenders
316,BUSINESS,2472920,4,3.0,3,4.0,1750374,33.0,3,3,2,332,Others
319,JOB,5968212,1,4.0,4,4.0,8868653,36.0,2,3,3,233,Others
321,BUSINESS,7320827,5,1.0,1,4.0,11367942,33.0,4,3,1,431,Loyal Customers
324,JOB,1942285,7,2.0,2,1.0,3612788,53.0,4,1,1,411,Loyal Customers
325,RETIRED,8976242,2,4.0,4,4.0,18179255,22.0,2,3,3,233,Others
327,BUSINESS,5563093,3,4.0,3,5.0,4533549,44.0,2,4,2,242,Others
330,JOB,10232104,6,1.0,4,2.0,1292247,39.0,4,1,3,413,Loyal Customers
332,FREELANCER,3995955,4,1.0,3,4.0,20339546,24.0,4,3,2,432,Loyal Customers
333,JOB,5446876,5,2.0,2,2.0,5538488,33.0,4,1,1,411,Loyal Customers
334,JOB,4265519,2,2.0,2,2.0,8677676,26.0,4,1,1,411,Loyal Customers
335,JOB,2872606,6,5.0,4,2.0,5008149,42.0,1,1,3,113,At Risk
337,FREELANCER,15351733,4,3.0,2,2.0,3309681,24.0,3,1,1,311,Others
339,JOB,3573903,1,1.0,1,4.0,18331571,37.0,4,3,1,431,Loyal Customers
342,JOB,7962671,6,5.0,2,4.0,1779375,35.0,1,3,1,131,At Risk
343,JOB,4924051,4,1.0,3,3.0,15300597,35.0,4,2,2,422,Loyal Customers
347,BUSINESS,4248929,2,5.0,3,2.0,9574181,18.0,1,1,2,112,At Risk
349,JOB,2320528,6,3.0,3,2.0,11192757,25.0,3,1,2,312,Others
350,BUSINESS,4359633,6,5.0,2,4.0,18858380,30.0,1,3,1,131,At Risk
351,BUSINESS,4150557,5,1.0,5,2.0,22233452,36.0,4,1,4,414,Loyal Customers
353,BUSINESS,10555958,6,3.0,3,2.0,15966101,41.0,3,1,2,312,Others
354,JOB,4182602,6,4.0,4,3.0,8011373,31.0,2,2,3,223,Others
355,JOB,1429300,4,5.0,3,3.0,8338699,32.0,1,2,2,122,At Risk
357,JOB,6641125,5,1.0,6,3.0,4046629,32.0,4,2,4,424,Loyal Customers
359,RETIRED,6231482,2,2.0,5,5.0,10022847,36.0,4,4,4,444,Top Customers
360,BUSINESS,6013932,2,2.0,4,4.0,12685831,24.0,4,3,3,433,Loyal Customers
362,BUSINESS,9365863,5,2.0,3,1.0,4371835,48.0,4,1,2,412,Loyal Customers
363,JOB,2000958,5,4.0,3,5.0,13157642,31.0,2,4,2,242,Others
364,BUSINESS,3313723,5,3.0,5,2.0,3683578,37.0,3,1,4,314,High Spenders
365,RETIRED,2154479,4,2.0,3,4.0,10609746,39.0,4,3,2,432,Loyal Customers
366,JOB,2671238,7,2.0,1,2.0,6613857,28.0,4,1,1,411,Loyal Customers
375,JOB,8461460,2,3.0,2,3.0,2577002,54.0,3,2,1,321,Others
376,JOB,6763073,3,1.0,4,5.0,13443104,25.0,4,4,3,443,Loyal Customers
379,FREELANCER,7937819,7,4.0,3,3.0,9695241,54.0,2,2,2,222,Others
380,JOB,1182566,6,4.0,1,3.0,3518964,24.0,2,2,1,221,Others
382,BUSINESS,13985786,5,2.0,6,1.0,15641710,27.0,4,1,4,414,Loyal Customers
386,FREELANCER,15266562,2,1.0,4,1.0,3195602,34.0,4,1,3,413,Loyal Customers
387,JOB,8203034,3,3.0,5,5.0,9816901,36.0,3,4,4,344,High Spenders
389,FREELANCER,5855208,4,1.0,1,5.0,7056914,42.0,4,4,1,441,Loyal Customers
390,FREELANCER,7269455,5,3.0,4,3.0,5513459,27.0,3,2,3,323,Others
391,RETIRED,7197268,6,4.0,4,1.0,4812280,24.0,2,1,3,213,Others
392,JOB,3847732,4,5.0,2,4.0,10717281,37.0,1,3,1,131,At Risk
393,JOB,3037395,4,2.0,2,1.0,6582376,19.0,4,1,1,411,Loyal Customers
394,FREELANCER,2619376,5,5.0,2,3.0,15304676,51.0,1,2,1,121,At Risk
396,RETIRED,1581174,9,3.0,2,1.0,6326982,28.0,3,1,1,311,Others
401,JOB,3047635,4,4.0,2,2.0,4351085,18.0,2,1,1,211,Others
402,RETIRED,10310793,4,5.0,4,4.0,7658952,27.0,1,3,3,133,At Risk
403,BUSINESS,6845519,4,2.0,4,4.0,4809149,33.0,4,3,3,433,Loyal Customers
408,JOB,1476043,4,2.0,4,3.0,18227588,31.0,4,2,3,423,Loyal Customers
409,RETIRED,5917121,4,4.0,1,3.0,4156274,34.0,2,2,1,221,Others
411,JOB,2988142,1,2.0,2,2.0,10208273,40.0,4,1,1,411,Loyal Customers
414,BUSINESS,4242978,2,3.0,4,4.0,4737564,44.99999999999999,3,3,3,333,Others
416,JOB,4597955,3,2.0,3,1.0,9370629,25.0,4,1,2,412,Loyal Customers
417,JOB,2445237,5,2.0,2,1.0,5808671,48.0,4,1,1,411,Loyal Customers
418,JOB,4871893,5,5.0,1,5.0,4890422,34.0,1,4,1,141,At Risk
419,BUSINESS,3922061,3,5.0,4,5.0,7578636,44.0,1,4,3,143,At Risk
420,FREELANCER,9670320,5,5.0,1,4.0,7003899,33.0,1,3,1,131,At Risk
422,FREELANCER,787099,4,2.0,3,2.0,5207265,50.0,4,1,2,412,Loyal Customers
424,JOB,5134697,2,5.0,5,1.0,4945980,42.0,1,1,4,114,High Spenders
425,JOB,2509308,3,5.0,5,5.0,1650956,39.0,1,4,4,144,High Spenders
426,BUSINESS,2927886,5,2.0,3,3.0,25594296,45.99999999999999,4,2,2,422,Loyal Customers
430,JOB,9045484,4,5.0,1,3.0,9352572,18.0,1,2,1,121,At Risk
434,JOB,5749566,4,1.0,2,4.0,11074041,40.0,4,3,1,431,Loyal Customers
436,FREELANCER,8935017,5,2.0,5,3.0,1644388,33.0,4,2,4,424,Loyal Customers
438,FREELANCER,4387470,4,3.0,1,5.0,4614911,19.0,3,4,1,341,Others
442,RETIRED,4774358,3,3.0,4,4.0,4279074,32.0,3,3,3,333,Others
443,JOB,5302952,6,1.0,3,1.0,6189581,18.0,4,1,2,412,Loyal Customers
444,JOB,4357084,4,4.0,1,2.0,5478473,32.0,2,1,1,211,Others
445,FREELANCER,2024633,3,4.0,5,2.0,8708242,19.0,2,1,4,214,High Spenders
446,RETIRED,2386984,7,1.0,1,1.0,9833446,39.0,4,1,1,411,Loyal Customers
447,RETIRED,3343718,7,1.0,5,4.0,8015483,36.0,4,3,4,434,Loyal Customers
448,FREELANCER,2184284,3,3.0,2,1.0,8779471,23.0,3,1,1,311,Others
450,JOB,10640268,7,3.0,2,3.0,5474063,22.0,3,2,1,321,Others
456,JOB,10048071,6,2.0,3,4.0,9630918,25.0,4,3,2,432,Loyal Customers
457,JOB,8363546,5,3.0,1,1.0,12740972,31.0,3,1,1,311,Others
459,JOB,4433298,4,4.0,1,5.0,10359017,27.0,2,4,1,241,Others
460,JOB,8590304,6,4.0,1,1.0,5977203,21.0,2,1,1,211,Others
461,JOB,933659,5,1.0,1,4.0,3898713,52.0,4,3,1,431,Loyal Customers
462,BUSINESS,1854548,6,2.0,4,1.0,3520415,33.0,4,1,3,413,Loyal Customers
467,JOB,2660227,3,2.0,3,5.0,9592630,39.0,4,4,2,442,Loyal Customers
471,JOB,3488618,4,4.0,2,3.0,5938648,30.0,2,2,1,221,Others
472,RETIRED,7550562,8,1.0,1,4.0,26991948,18.0,4,3,1,431,Loyal Customers
475,BUSINESS,8308993,2,5.0,2,3.0,6475423,49.0,1,2,1,121,At Risk
477,JOB,8585424,6,2.0,2,4.0,4559493,38.0,4,3,1,431,Loyal Customers
478,BUSINESS,4671442,4,2.0,1,2.0,5323440,36.0,4,1,1,411,Loyal Customers
480,BUSINESS,2466123,5,2.0,2,1.0,11484400,44.0,4,1,1,411,Loyal Customers
481,BUSINESS,5451211,5,1.0,5,3.0,1427203,31.0,4,2,4,424,Loyal Customers
482,BUSINESS,3233233,5,1.0,1,5.0,3460367,23.0,4,4,1,441,Loyal Customers
485,BUSINESS,3558650,6,2.0,5,5.0,6716276,25.0,4,4,4,444,Top Customers
487,JOB,1908663,1,3.0,1,5.0,1928926,26.0,3,4,1,341,Others
490,FREELANCER,9458566,4,5.0,2,5.0,17236027,41.0,1,4,1,141,At Risk
494,JOB,1191810,5,2.0,3,5.0,4437979,24.0,4,4,2,442,Loyal Customers
495,JOB,8049179,2,4.0,2,3.0,6580165,48.0,2,2,1,221,Others
496,JOB,3177134,2,1.0,2,5.0,1810869,38.0,4,4,1,441,Loyal Customers
497,BUSINESS,13556502,6,2.0,2,4.0,3571939,22.0,4,3,1,431,Loyal Customers
498,JOB,3816276,2,2.0,1,2.0,7375108,31.0,4,1,1,411,Loyal Customers
499,RETIRED,4126705,6,3.0,5,5.0,11757600,24.0,3,4,4,344,High Spenders
501,BUSINESS,3515023,1,1.0,4,3.0,2302196,42.0,4,2,3,423,Loyal Customers
502,BUSINESS,2034299,3,3.0,2,1.0,6336736,52.0,3,1,1,311,Others
504,FREELANCER,7809123,3,3.0,6,5.0,16245094,38.0,3,4,4,344,High Spenders
508,FREELANCER,5551815,4,1.0,3,3.0,738273,24.0,4,2,2,422,Loyal Customers
511,BUSINESS,4623200,8,2.0,3,3.0,13116716,35.0,4,2,2,422,Loyal Customers
512,JOB,13482947,6,4.0,3,1.0,2642418,32.0,2,1,2,212,Others
514,FREELANCER,7333196,3,5.0,3,3.0,9860579,23.0,1,2,2,122,At Risk
515,JOB,2619230,3,4.0,1,3.0,2380556,27.0,2,2,1,221,Others
516,JOB,1941452,6,2.0,1,1.0,1190773,40.0,4,1,1,411,Loyal Customers
517,JOB,6527701,5,2.0,1,5.0,6149617,38.0,4,4,1,441,Loyal Customers
518,FREELANCER,1492366,7,3.0,3,2.0,11381354,23.0,3,1,2,312,Others
519,RETIRED,4547106,6,3.0,1,3.0,20004444,33.0,3,2,1,321,Others
520,JOB,3651562,1,3.0,4,4.0,11905962,40.0,3,3,3,333,Others
522,JOB,6851448,3,4.0,4,2.0,1436661,38.0,2,1,3,213,Others
525,FREELANCER,5725221,8,1.0,5,3.0,5604501,25.0,4,2,4,424,Loyal Customers
527,JOB,2750942,6,1.0,1,4.0,3454451,18.0,4,3,1,431,Loyal Customers
528,JOB,2472346,4,4.0,2,1.0,7275430,33.0,2,1,1,211,Others
529,JOB,6346772,6,5.0,2,1.0,7994954,35.0,1,1,1,111,At Risk
530,FREELANCER,5454149,6,5.0,1,3.0,8493463,23.0,1,2,1,121,At Risk
531,FREELANCER,2836120,4,2.0,2,4.0,6566082,39.0,4,3,1,431,Loyal Customers
532,RETIRED,7535285,8,4.0,2,3.0,1351976,18.0,2,2,1,221,Others
533,RETIRED,10615880,5,4.0,1,3.0,1325723,32.0,2,2,1,221,Others
535,FREELANCER,2977549,6,4.0,3,2.0,16951771,26.0,2,1,2,212,Others
541,RETIRED,3382627,5,5.0,2,2.0,1955074,41.0,1,1,1,111,At Risk
542,BUSINESS,5274036,6,5.0,5,2.0,6967503,21.0,1,1,4,114,High Spenders
543,JOB,2189251,5,5.0,1,4.0,9241435,38.0,1,3,1,131,At Risk
544,BUSINESS,5183845,8,3.0,4,5.0,10809835,46.99999999999999,3,4,3,343,Others
545,BUSINESS,3103071,4,4.0,4,2.0,19780499,18.0,2,1,3,213,Others
548,BUSINESS,2151228,4,5.0,1,4.0,3113355,30.0,1,3,1,131,At Risk
550,FREELANCER,5922495,6,5.0,1,1.0,20069795,26.0,1,1,1,111,At Risk
552,FREELANCER,9252867,4,3.0,4,3.0,13664442,31.0,3,2,3,323,Others
553,BUSINESS,1763166,1,4.0,5,2.0,6648239,44.0,2,1,4,214,High Spenders
554,BUSINESS,9622970,4,5.0,5,5.0,11863871,35.0,1,4,4,144,High Spenders
555,FREELANCER,3786185,6,4.0,3,2.0,3876605,36.0,2,1,2,212,Others
558,JOB,1199616,5,2.0,4,5.0,9228351,28.0,4,4,3,443,Loyal Customers
559,FREELANCER,989251,5,2.0,1,2.0,12764955,36.0,4,1,1,411,Loyal Customers
560,BUSINESS,3604838,3,5.0,4,4.0,5271251,28.0,1,3,3,133,At Risk
561,FREELANCER,3652996,6,4.0,2,2.0,668865,35.0,2,1,1,211,Others
563,JOB,4074785,5,3.0,1,3.0,11420980,41.0,3,2,1,321,Others
564,JOB,6609716,3,2.0,1,1.0,7369819,29.0,4,1,1,411,Loyal Customers
574,BUSINESS,6385579,2,3.0,2,2.0,20954208,30.0,3,1,1,311,Others
578,RETIRED,5122301,5,1.0,5,1.0,8093256,40.0,4,1,4,414,Loyal Customers
581,JOB,2597905,2,2.0,4,3.0,11599196,36.0,4,2,3,423,Loyal Customers
582,RETIRED,6210580,2,5.0,1,5.0,1022842,28.0,1,4,1,141,At Risk
585,BUSINESS,8483952,3,5.0,3,2.0,15779268,34.0,1,1,2,112,At Risk
586,JOB,1842489,8,2.0,2,1.0,20654191,35.0,4,1,1,411,Loyal Customers
589,JOB,689573,2,4.0,2,2.0,1975489,41.0,2,1,1,211,Others
596,JOB,1745982,7,3.0,5,1.0,9689686,27.0,3,1,4,314,High Spenders
598,JOB,6490959,2,3.0,1,4.0,8041975,23.0,3,3,1,331,Others
600,JOB,9022292,5,5.0,4,1.0,8606356,36.0,1,1,3,113,At Risk
603,JOB,10882358,5,5.0,1,1.0,628058,41.0,1,1,1,111,At Risk
605,JOB,5214019,5,3.0,2,5.0,13997695,37.0,3,4,1,341,Others
606,JOB,3992742,3,4.0,3,2.0,8113049,51.0,2,1,2,212,Others
609,BUSINESS,2847085,6,2.0,2,1.0,13096890,18.0,4,1,1,411,Loyal Customers
611,JOB,4001470,1,1.0,1,4.0,5967602,39.0,4,3,1,431,Loyal Customers
613,BUSINESS,12331203,2,3.0,3,5.0,9836355,35.0,3,4,2,342,Others
614,JOB,2860298,3,1.0,2,5.0,6509064,21.0,4,4,1,441,Loyal Customers
615,FREELANCER,1124201,4,3.0,2,2.0,3275269,57.0,3,1,1,311,Others
616,RETIRED,4024503,2,5.0,3,2.0,2792193,34.0,1,1,2,112,At Risk
619,FREELANCER,9020695,5,2.0,6,3.0,3116394,37.0,4,2,4,424,Loyal Customers
625,BUSINESS,7493566,8,1.0,5,3.0,2739160,48.0,4,2,4,424,Loyal Customers
628,FREELANCER,10332643,6,2.0,1,2.0,6252620,31.0,4,1,1,411,Loyal Customers
630,JOB,1475073,2,2.0,3,1.0,3016638,43.0,4,1,2,412,Loyal Customers
632,FREELANCER,5930695,8,4.0,3,3.0,3207929,48.0,2,2,2,222,Others
633,BUSINESS,4770886,2,3.0,3,5.0,3661313,31.0,3,4,2,342,Others
634,BUSINESS,12594632,3,2.0,1,2.0,9345585,28.0,4,1,1,411,Loyal Customers
637,BUSINESS,2987304,6,3.0,1,2.0,12120210,41.0,3,1,1,311,Others
638,JOB,3567834,5,3.0,3,2.0,5766445,33.0,3,1,2,312,Others
639,JOB,8749404,5,5.0,2,2.0,7074770,20.0,1,1,1,111,At Risk
640,JOB,4770004,2,3.0,2,2.0,5336634,20.0,3,1,1,311,Others
641,JOB,4254173,7,4.0,2,4.0,1259268,29.0,2,3,1,231,Others
642,JOB,7033351,7,3.0,4,5.0,6976149,49.0,3,4,3,343,Others
643,JOB,1004883,4,2.0,2,4.0,8250252,30.0,4,3,1,431,Loyal Customers
647,BUSINESS,12377951,6,1.0,2,1.0,6012098,18.0,4,1,1,411,Loyal Customers
650,JOB,1453808,4,4.0,2,5.0,1442305,39.0,2,4,1,241,Others
651,JOB,3507773,6,4.0,1,4.0,1182930,51.0,2,3,1,231,Others
653,BUSINESS,6779581,4,5.0,3,1.0,2313073,30.0,1,1,2,112,At Risk
656,JOB,3469348,4,2.0,5,4.0,8789773,33.0,4,3,4,434,Loyal Customers
658,JOB,9421911,6,5.0,1,2.0,920873,32.0,1,1,1,111,At Risk
659,BUSINESS,5160913,4,1.0,5,5.0,2507689,34.0,4,4,4,444,Top Customers
660,BUSINESS,6160027,1,2.0,1,1.0,16356165,31.0,4,1,1,411,Loyal Customers
661,JOB,5390384,8,5.0,2,2.0,3021840,27.0,1,1,1,111,At Risk
665,JOB,3877600,3,2.0,4,3.0,10390737,25.0,4,2,3,423,Loyal Customers
668,JOB,4695475,4,1.0,5,1.0,14549987,48.0,4,1,4,414,Loyal Customers
669,JOB,7310376,3,2.0,2,2.0,1032330,18.0,4,1,1,411,Loyal Customers
670,JOB,2606974,3,2.0,2,3.0,12104364,43.0,4,2,1,421,Loyal Customers
674,BUSINESS,14542951,3,1.0,2,4.0,3165326,29.0,4,3,1,431,Loyal Customers
675,JOB,5078318,6,4.0,6,3.0,4886875,18.0,2,2,4,224,High Spenders
677,JOB,5238069,3,1.0,5,3.0,4732464,21.0,4,2,4,424,Loyal Customers
679,RETIRED,9988144,5,1.0,2,2.0,3259438,42.0,4,1,1,411,Loyal Customers
681,FREELANCER,2264268,5,4.0,4,2.0,13805625,40.0,2,1,3,213,Others
683,JOB,1606766,5,2.0,4,1.0,1491175,27.0,4,1,3,413,Loyal Customers
688,JOB,4134900,5,3.0,5,4.0,4385483,29.0,3,3,4,334,High Spenders
690,JOB,4187375,4,1.0,2,2.0,10775487,37.0,4,1,1,411,Loyal Customers
691,JOB,7556948,7,2.0,3,1.0,20799888,29.0,4,1,2,412,Loyal Customers
693,BUSINESS,2101479,3,4.0,3,2.0,8886102,22.0,2,1,2,212,Others
694,JOB,2542911,2,5.0,4,1.0,927086,39.0,1,1,3,113,At Risk
696,BUSINESS,5839265,6,4.0,5,4.0,532079,29.0,2,3,4,234,High Spenders
698,BUSINESS,4717483,7,5.0,4,5.0,14981488,20.0,1,4,3,143,At Risk
700,JOB,730446,6,5.0,3,4.0,5101582,31.0,1,3,2,132,At Risk
701,BUSINESS,6020467,3,2.0,2,5.0,16173054,27.0,4,4,1,441,Loyal Customers
706,RETIRED,8130703,6,5.0,2,1.0,5386443,39.0,1,1,1,111,At Risk
710,BUSINESS,8946583,1,1.0,5,1.0,10926104,49.0,4,1,4,414,Loyal Customers
712,BUSINESS,14732627,3,5.0,2,3.0,8814958,32.0,1,2,1,121,At Risk
714,JOB,3427142,7,4.0,2,5.0,6980142,36.0,2,4,1,241,Others
716,RETIRED,13639239,6,3.0,1,5.0,2319076,44.0,3,4,1,341,Others
717,FREELANCER,13481318,4,5.0,4,5.0,7590168,34.0,1,4,3,143,At Risk
718,RETIRED,9539732,4,3.0,1,4.0,5791981,34.0,3,3,1,331,Others
720,FREELANCER,5806532,5,5.0,1,4.0,4589616,32.0,1,3,1,131,At Risk
724,FREELANCER,2885892,3,4.0,2,2.0,11313657,40.0,2,1,1,211,Others
725,BUSINESS,1973913,2,1.0,3,2.0,1227121,34.0,4,1,2,412,Loyal Customers
726,FREELANCER,668743,3,5.0,4,1.0,1121180,31.0,1,1,3,113,At Risk
728,FREELANCER,7754625,7,4.0,5,2.0,12499475,36.0,2,1,4,214,High Spenders
730,JOB,8171831,2,1.0,5,4.0,9679733,25.0,4,3,4,434,Loyal Customers
735,JOB,2230364,4,3.0,2,1.0,4625667,43.0,3,1,1,311,Others
737,JOB,9127175,5,3.0,5,3.0,11201059,35.0,3,2,4,324,High Spenders
738,FREELANCER,6164082,1,3.0,4,1.0,3911373,42.0,3,1,3,313,Others
740,JOB,10529369,3,5.0,3,5.0,9246265,43.0,1,4,2,142,At Risk
741,JOB,8081278,5,3.0,2,2.0,12663204,18.0,3,1,1,311,Others
742,JOB,4944485,10,1.0,2,4.0,5016936,20.0,4,3,1,431,Loyal Customers
746,FREELANCER,8718077,5,3.0,5,2.0,554224,25.0,3,1,4,314,High Spenders
747,JOB,10689236,5,4.0,4,2.0,4920445,34.0,2,1,3,213,Others
748,BUSINESS,9802164,6,3.0,3,3.0,2324537,25.0,3,2,2,322,Others
751,JOB,2915030,5,5.0,5,3.0,4515821,23.0,1,2,4,124,High Spenders
753,BUSINESS,4335817,6,2.0,3,3.0,6324389,23.0,4,2,2,422,Loyal Customers
754,JOB,1940972,3,5.0,2,3.0,4162315,43.0,1,2,1,121,At Risk
755,JOB,602426,4,5.0,5,5.0,683332,23.0,1,4,4,144,High Spenders
762,JOB,9916362,2,3.0,2,5.0,18900394,34.0,3,4,1,341,Others
763,JOB,9212313,4,3.0,4,1.0,6355161,58.0,3,1,3,313,Others
766,BUSINESS,4927164,5,3.0,5,2.0,5393168,25.0,3,1,4,314,High Spenders
769,JOB,5796950,7,1.0,2,5.0,11309869,26.0,4,4,1,441,Loyal Customers
770,FREELANCER,9200546,9,2.0,1,5.0,14244143,51.0,4,4,1,441,Loyal Customers
772,FREELANCER,1947475,1,1.0,1,1.0,3130484,27.0,4,1,1,411,Loyal Customers
775,FREELANCER,1809377,3,5.0,4,4.0,4956504,39.0,1,3,3,133,At Risk
776,JOB,3827581,6,4.0,4,4.0,9018275,18.0,2,3,3,233,Others
777,JOB,6138469,1,5.0,3,2.0,13151656,25.0,1,1,2,112,At Risk
780,BUSINESS,1529624,6,3.0,2,5.0,5137893,39.0,3,4,1,341,Others
781,BUSINESS,2759304,2,4.0,3,5.0,6081817,34.0,2,4,2,242,Others
784,JOB,6303048,5,3.0,4,2.0,5953998,39.0,3,1,3,313,Others
785,JOB,5326037,3,4.0,6,5.0,16165290,38.0,2,4,4,244,High Spenders
786,RETIRED,1570289,4,4.0,5,5.0,8342697,43.0,2,4,4,244,High Spenders
787,BUSINESS,3081563,3,4.0,5,4.0,2330201,41.0,2,3,4,234,High Spenders
788,JOB,4846364,6,5.0,2,2.0,1402054,37.0,1,1,1,111,At Risk
791,JOB,5487411,5,4.0,3,1.0,3282855,37.0,2,1,2,212,Others
793,BUSINESS,4029069,4,3.0,3,3.0,1502293,35.0,3,2,2,322,Others
795,JOB,3989565,10,5.0,4,3.0,16224459,22.0,1,2,3,123,At Risk
796,FREELANCER,2828325,2,3.0,3,2.0,7136085,43.0,3,1,2,312,Others
798,BUSINESS,8132593,6,5.0,3,5.0,4566105,39.0,1,4,2,142,At Risk
801,FREELANCER,3851461,5,4.0,5,2.0,6507287,42.0,2,1,4,214,High Spenders
802,JOB,6858609,5,4.0,3,4.0,8373749,27.0,2,3,2,232,Others
804,BUSINESS,3079049,7,5.0,2,1.0,2085917,28.0,1,1,1,111,At Risk
805,JOB,4507384,7,3.0,5,1.0,1933505,28.0,3,1,4,314,High Spenders
806,FREELANCER,6312574,3,3.0,6,5.0,12930863,29.0,3,4,4,344,High Spenders
807,RETIRED,3996809,2,4.0,5,4.0,2303154,35.0,2,3,4,234,High Spenders
808,RETIRED,1124700,4,2.0,1,1.0,17748855,28.0,4,1,1,411,Loyal Customers
814,RETIRED,7805959,5,4.0,4,4.0,13940009,34.0,2,3,3,233,Others
817,BUSINESS,5664590,3,3.0,2,5.0,5709464,35.0,3,4,1,341,Others
819,JOB,2402907,7,4.0,3,2.0,1524930,33.0,2,1,2,212,Others
827,JOB,3089019,3,3.0,1,1.0,8181570,48.0,3,1,1,311,Others
828,JOB,9434920,1,4.0,1,5.0,7514461,27.0,2,4,1,241,Others
829,FREELANCER,4491475,6,1.0,3,1.0,14331358,28.0,4,1,2,412,Loyal Customers
831,JOB,1300171,6,4.0,1,2.0,9491404,19.0,2,1,1,211,Others
837,RETIRED,4615945,3,5.0,2,4.0,9123656,48.0,1,3,1,131,At Risk
840,BUSINESS,8252525,7,4.0,4,2.0,586202,30.0,2,1,3,213,Others
841,JOB,2701442,6,2.0,2,5.0,12259638,32.0,4,4,1,441,Loyal Customers
843,JOB,6033355,5,3.0,3,4.0,3566223,21.0,3,3,2,332,Others
845,JOB,9650029,5,5.0,4,2.0,15618228,34.0,1,1,3,113,At Risk
847,JOB,672613,7,5.0,2,5.0,12614598,35.0,1,4,1,141,At Risk
848,RETIRED,10027655,6,1.0,2,5.0,5842949,57.0,4,4,1,441,Loyal Customers
849,BUSINESS,3007462,4,5.0,5,2.0,4111579,26.0,1,1,4,114,High Spenders
850,BUSINESS,6764020,4,1.0,3,2.0,23292884,27.0,4,1,2,412,Loyal Customers
854,FREELANCER,8407153,5,4.0,1,1.0,12635460,44.0,2,1,1,211,Others
855,JOB,1123510,8,3.0,2,2.0,18638273,46.99999999999999,3,1,1,311,Others
856,JOB,848496,7,1.0,2,5.0,15427284,27.0,4,4,1,441,Loyal Customers
858,JOB,4561433,6,3.0,3,5.0,3457927,37.0,3,4,2,342,Others
859,BUSINESS,12276555,2,4.0,4,3.0,2495987,27.0,2,2,3,223,Others
861,FREELANCER,3052442,8,5.0,2,1.0,20597298,35.0,1,1,1,111,At Risk
862,JOB,8897016,4,2.0,5,5.0,8499521,18.0,4,4,4,444,Top Customers
863,BUSINESS,2358605,3,4.0,5,3.0,1345469,48.0,2,2,4,224,High Spenders
864,JOB,4637678,3,3.0,4,4.0,14347279,50.0,3,3,3,333,Others
866,BUSINESS,4723459,3,2.0,2,1.0,8623792,29.0,4,1,1,411,Loyal Customers
867,JOB,1684388,4,1.0,4,2.0,3253286,35.0,4,1,3,413,Loyal Customers
868,JOB,6304245,2,5.0,5,4.0,8498609,36.0,1,3,4,134,High Spenders
869,FREELANCER,9120379,5,3.0,2,1.0,4016471,39.0,3,1,1,311,Others
871,JOB,5069748,3,4.0,6,2.0,5849299,31.0,2,1,4,214,High Spenders
872,JOB,3839066,8,3.0,5,3.0,11257964,25.0,3,2,4,324,High Spenders
873,BUSINESS,3746073,6,4.0,2,2.0,4677458,19.0,2,1,1,211,Others
874,JOB,1092106,7,1.0,4,2.0,11254852,25.0,4,1,3,413,Loyal Customers
876,JOB,1264694,6,4.0,1,5.0,4741753,50.0,2,4,1,241,Others
877,FREELANCER,3704980,2,5.0,2,4.0,503515,27.0,1,3,1,131,At Risk
878,BUSINESS,9139602,6,5.0,5,4.0,10126806,35.0,1,3,4,134,High Spenders
880,JOB,7025458,6,3.0,4,5.0,9876534,44.0,3,4,3,343,Others
881,JOB,7763551,2,2.0,2,3.0,13135985,58.0,4,2,1,421,Loyal Customers
882,BUSINESS,2276550,3,3.0,2,2.0,10699377,27.0,3,1,1,311,Others
885,FREELANCER,9488587,5,2.0,2,4.0,4432482,39.0,4,3,1,431,Loyal Customers
886,JOB,2340303,2,1.0,3,2.0,1136300,51.0,4,1,2,412,Loyal Customers
892,FREELANCER,1113215,6,2.0,3,3.0,6067426,38.0,4,2,2,422,Loyal Customers
895,BUSINESS,10599119,2,5.0,1,3.0,18455088,45.99999999999999,1,2,1,121,At Risk
896,JOB,1172907,1,2.0,4,3.0,12804625,39.0,4,2,3,423,Loyal Customers
897,JOB,7550268,5,3.0,4,2.0,16906026,31.0,3,1,3,313,Others
898,FREELANCER,10964158,1,4.0,2,3.0,6978882,34.0,2,2,1,221,Others
899,JOB,5908205,5,1.0,3,3.0,12529119,44.99999999999999,4,2,2,422,Loyal Customers
904,BUSINESS,4277855,6,2.0,2,1.0,13644865,44.99999999999999,4,1,1,411,Loyal Customers
906,FREELANCER,9213864,5,1.0,1,3.0,2876550,33.0,4,2,1,421,Loyal Customers
908,JOB,3415069,1,3.0,2,3.0,7287435,40.0,3,2,1,321,Others
909,JOB,3650037,6,2.0,1,1.0,12143812,39.0,4,1,1,411,Loyal Customers
911,BUSINESS,5511325,2,1.0,5,4.0,7338889,29.0,4,3,4,434,Loyal Customers
913,BUSINESS,6919830,4,1.0,5,2.0,6401743,35.0,4,1,4,414,Loyal Customers
915,BUSINESS,3324268,5,3.0,2,5.0,3512689,32.0,3,4,1,341,Others
916,JOB,11148604,7,5.0,1,5.0,4381474,35.0,1,4,1,141,At Risk
919,FREELANCER,5477859,6,2.0,4,5.0,7579878,28.0,4,4,3,443,Loyal Customers
920,JOB,3089480,7,4.0,3,5.0,6271313,34.0,2,4,2,242,Others
922,JOB,4879716,7,3.0,2,1.0,1980108,22.0,3,1,1,311,Others
923,FREELANCER,6338445,9,3.0,6,3.0,11530114,34.0,3,2,4,324,High Spenders
924,FREELANCER,8544477,7,1.0,2,1.0,4947347,25.0,4,1,1,411,Loyal Customers
925,JOB,4426195,5,2.0,5,3.0,10247532,44.0,4,2,4,424,Loyal Customers
926,JOB,1420589,7,4.0,4,2.0,15293847,18.0,2,1,3,213,Others
927,JOB,5252224,5,4.0,5,2.0,12438710,27.0,2,1,4,214,High Spenders
928,BUSINESS,11426822,5,5.0,2,5.0,5499779,36.0,1,4,1,141,At Risk
929,BUSINESS,2183404,4,3.0,4,2.0,1330529,48.0,3,1,3,313,Others
931,JOB,6660251,3,3.0,3,1.0,3769349,27.0,3,1,2,312,Others
932,FREELANCER,2367052,8,4.0,2,2.0,2629679,51.0,2,1,1,211,Others
934,BUSINESS,6574164,2,1.0,2,1.0,3895168,18.0,4,1,1,411,Loyal Customers
938,RETIRED,4047322,6,3.0,1,2.0,8927739,40.0,3,1,1,311,Others
939,JOB,5083307,3,2.0,5,2.0,16878188,35.0,4,1,4,414,Loyal Customers
940,BUSINESS,744606,5,4.0,2,3.0,3746140,27.0,2,2,1,221,Others
941,JOB,4610502,8,4.0,3,1.0,6328442,20.0,2,1,2,212,Others
942,BUSINESS,1552238,3,4.0,2,4.0,11019377,41.0,2,3,1,231,Others
944,FREELANCER,6111378,7,2.0,3,1.0,7854660,32.0,4,1,2,412,Loyal Customers
946,JOB,6220266,5,5.0,3,2.0,10980227,22.0,1,1,2,112,At Risk
948,RETIRED,7254104,7,2.0,4,4.0,6313041,26.0,4,3,3,433,Loyal Customers
950,BUSINESS,11375967,4,2.0,6,3.0,9648449,35.0,4,2,4,424,Loyal Customers
951,BUSINESS,1738405,7,5.0,1,2.0,17238441,30.0,1,1,1,111,At Risk
953,JOB,2351271,6,3.0,1,5.0,2552723,20.0,3,4,1,341,Others
954,RETIRED,1457643,3,5.0,5,5.0,6899994,46.99999999999999,1,4,4,144,High Spenders
955,JOB,6114544,8,2.0,2,1.0,11786585,32.0,4,1,1,411,Loyal Customers
959,JOB,6125222,8,1.0,3,1.0,10575891,38.0,4,1,2,412,Loyal Customers
961,JOB,1957966,5,5.0,3,2.0,608713,39.0,1,1,2,112,At Risk
962,BUSINESS,1995605,5,4.0,2,1.0,15457087,45.99999999999999,2,1,1,211,Others
963,JOB,2769217,5,3.0,2,5.0,16418257,34.0,3,4,1,341,Others
964,JOB,7603936,6,1.0,5,2.0,11082193,40.0,4,1,4,414,Loyal Customers
966,JOB,3589500,4,4.0,3,2.0,5580192,46.99999999999999,2,1,2,212,Others
967,FREELANCER,7656892,5,5.0,4,2.0,3646735,26.0,1,1,3,113,At Risk
968,JOB,4601517,2,1.0,4,3.0,12289610,51.0,4,2,3,423,Loyal Customers
972,RETIRED,6650385,8,4.0,4,1.0,4949662,26.0,2,1,3,213,Others
975,JOB,4175217,4,2.0,2,2.0,4262010,28.0,4,1,1,411,Loyal Customers
977,BUSINESS,2137823,5,3.0,4,4.0,4622116,28.0,3,3,3,333,Others
979,JOB,9941655,2,4.0,1,5.0,1563967,18.0,2,4,1,241,Others
981,JOB,9451304,6,2.0,5,3.0,8904446,40.0,4,2,4,424,Loyal Customers
982,FREELANCER,6629032,3,1.0,5,1.0,10703171,37.0,4,1,4,414,Loyal Customers
985,FREELANCER,1683330,5,2.0,4,1.0,20068051,32.0,4,1,3,413,Loyal Customers
988,JOB,1874403,5,3.0,5,5.0,24620900,41.0,3,4,4,344,High Spenders
990,FREELANCER,5766494,4,4.0,2,4.0,5311860,33.0,2,3,1,231,Others
991,FREELANCER,3171219,4,1.0,4,5.0,6559631,35.0,4,4,3,443,Loyal Customers
992,BUSINESS,11085311,3,2.0,3,1.0,12947030,18.0,4,1,2,412,Loyal Customers
994,BUSINESS,3683134,1,2.0,5,5.0,1292404,26.0,4,4,4,444,Top Customers
998,JOB,2252474,4,1.0,4,3.0,4629745,39.0,4,2,3,423,Loyal Customers
999,RETIRED,798421,4,5.0,2,2.0,871761,27.0,1,1,1,111,At Risk
